customer_id,full_name,email,country,signup_date
1,Christopher Davila,osteele@example.com,France,2025-07-09
2,Caitlin Baxter,charles53@example.net,USA,2023-10-26
3,Lauren Morgan,ndiaz@example.net,UK,2024-05-11
4,Mary Rose,wpotter@example.org,Germany,2024-03-29
5,Michelle Reed,kimhernandez@example.org,Canada,2023-01-23
6,Maria Salazar,anna65@example.com,France,2023-08-05
7,Laura Hawkins,lleon@example.org,France,2023-03-12
8,Andrea Miller,ztaylor@example.com,Germany,2023-03-30
9,Kelly Fletcher,pattersoneric@example.com,France,2023-01-26
10,Robert Arroyo,william35@example.net,UK,2024-12-09
11,Christina Long,bradleycarter@example.org,UK,2024-09-08
12,Thomas Sweeney,pereztina@example.org,Canada,2024-09-13
13,Tara Perry,john35@example.net,France,2024-02-08
14,Brian Adams,tiffanymiller@example.org,Canada,2025-06-21
15,Julia Nelson,jordanjimenez@example.net,UK,2023-01-01
16,Richard Roberts,hkidd@example.org,France,2023-09-21
17,Theresa Phillips,msellers@example.org,UK,2024-10-11
18,Hannah Levine,amandabarber@example.net,UK,2023-12-04
19,Patricia Boyer,erica47@example.net,UK,2023-01-17
20,Jessica Calderon,suzanne64@example.net,France,2023-04-05
21,Randy West,alvarezmark@example.org,UK,2025-02-12
22,Joseph Austin,josephcraig@example.org,Germany,2025-08-09
23,Alexander Craig,catherineryan@example.com,USA,2024-04-25
24,Kimberly Franco,lewislori@example.com,UK,2025-11-14
25,Edward Escobar,christopherschultz@example.net,Canada,2024-05-23
26,April Arellano,gomezvanessa@example.org,USA,2025-04-04
27,Laura Atkinson,maysrobert@example.com,UK,2025-09-14
28,Mr. James Perez,vanganthony@example.net,Germany,2025-08-24
29,Sara Wright,proctordaniel@example.org,UK,2025-05-17
30,Mark Cook,weavermark@example.com,Germany,2024-10-11
31,Justin Stout,davidcoleman@example.com,Germany,2023-06-18
32,Matthew Calderon,martinezrebecca@example.com,UK,2024-08-31
33,Susan Finley,andrew63@example.com,UK,2023-03-22
34,Rebecca Mitchell,jeffrey66@example.org,UK,2024-06-25
35,Heidi Wong,clarkejessica@example.net,Canada,2023-02-18
36,Cynthia Hughes,tmcbride@example.net,Germany,2023-04-23
37,Matthew Luna,michael46@example.com,France,2025-11-20
38,April Griffin,deborahramsey@example.net,France,2025-04-16
39,James Gutierrez,mark47@example.net,UK,2023-02-22
40,Tiffany Carter,wharper@example.com,USA,2025-12-10
41,Jeremy Alexander,arnoldtammy@example.com,Canada,2023-04-22
42,Michael Riley,tracy70@example.net,UK,2024-07-14
43,Devin Wood,melissarussell@example.org,Germany,2023-05-23
44,Pamela Nicholson,griffinjustin@example.org,UK,2025-08-02
45,Samuel Mason,smithsarah@example.net,UK,2025-10-10
46,Sandra Johnson,millsmark@example.com,Germany,2023-05-25
47,John Pena,johnhenderson@example.org,UK,2024-06-03
48,Eric Moore,sanchezleslie@example.net,Germany,2024-10-14
49,Nicole Miles,rebecca14@example.net,Canada,2025-05-02
50,Travis Lawrence,paynechristopher@example.net,France,2024-08-18
51,Dana Taylor,whitelisa@example.net,France,2025-11-07
52,John Graham,sarahrhodes@example.net,Canada,2023-02-23
53,Dennis Wilson,jamie70@example.com,Germany,2025-03-16
54,Maria Stewart,aburns@example.net,Canada,2024-12-07
55,Kristina Howard,larsonrebecca@example.org,Germany,2024-10-01
56,Christopher Porter,kathy67@example.net,Canada,2025-06-18
57,Laura Hernandez,cunninghamdominique@example.org,UK,2024-07-18
58,Courtney Young,daltonjamie@example.com,USA,2024-12-18
59,Jamie Mora,michaelbrooks@example.com,Canada,2025-12-16
60,Micheal Garcia,carla44@example.com,UK,2025-08-27
61,Courtney Hill,jjames@example.org,France,2025-08-22
62,Charles Welch,kimcox@example.com,France,2025-07-07
63,Paul Underwood,timothy03@example.net,USA,2023-04-24
64,Matthew Wilson,reneerobinson@example.net,Canada,2024-06-02
65,Amanda Drake,reyesmichael@example.com,Germany,2023-06-09
66,Heather Simpson,pricerichard@example.org,USA,2023-05-25
67,Kirsten Brown,bakerroger@example.com,France,2023-05-16
68,Jill Dillon,cvelasquez@example.net,France,2025-12-10
69,Christopher Berry,christopherevans@example.net,Germany,2023-09-23
70,Donald Johnson,stephanie62@example.com,Germany,2024-02-22
71,Mark Valdez,xfox@example.org,France,2024-11-12
72,Katherine Mcdaniel,tammy97@example.net,Canada,2023-04-29
73,Jessica Johnson,miguel60@example.net,USA,2023-09-11
74,Julie Dennis,mpreston@example.org,Canada,2023-01-05
75,Kelli Doyle,petersondorothy@example.org,France,2023-02-23
76,Jesse Taylor,amberkeller@example.com,Canada,2024-02-20
77,Jennifer Paul,justinbutler@example.org,USA,2023-10-25
78,Kara Lyons,marymeyers@example.com,France,2024-08-11
79,Christina Sandoval,pjennings@example.net,USA,2025-06-15
80,Harold Nguyen,diazdavid@example.net,France,2023-08-25
81,Scott Fox,owilson@example.com,USA,2025-07-15
82,Gary Bridges,gstewart@example.net,Canada,2025-12-14
83,Mrs. Wanda Shannon,urobbins@example.com,Germany,2024-02-08
84,Nicholas Adkins,jose04@example.com,Germany,2024-05-08
85,Jonathan Ball,uirwin@example.com,USA,2025-05-16
86,Adam Harris,austinbailey@example.com,UK,2023-03-30
87,Brittany Knight,garrettsherry@example.org,Germany,2024-02-06
88,Hunter Kelly,patricia29@example.net,UK,2023-01-27
89,Bianca Nelson,uroberson@example.com,UK,2023-12-19
90,Frank Bowen,claire03@example.org,UK,2023-05-23
91,Teresa Herring,carrjack@example.com,Canada,2023-10-29
92,Kevin Jimenez,santiagojorge@example.org,UK,2024-11-10
93,Robert Carter,srivera@example.org,Canada,2024-09-08
94,Nathan Greene,wallwilliam@example.com,USA,2023-05-21
95,Melissa Harvey,andrew49@example.com,USA,2025-07-16
96,Mrs. Gail Hester,julia34@example.org,Canada,2024-12-13
97,Breanna Smith,joshua07@example.net,USA,2025-06-17
98,Brenda Adams,yhall@example.net,Germany,2025-01-12
99,Jennifer Ryan,matthewwilliams@example.com,Germany,2024-12-12
100,John Clay,jacksonkatrina@example.com,Germany,2024-11-12
101,Alicia Wilson,michael01@example.com,France,2025-12-31
102,Timothy Kent,kara47@example.net,Germany,2025-10-24
103,Keith Martinez,rivasjake@example.org,France,2025-07-18
104,Lisa Middleton,daniel90@example.com,UK,2024-09-11
105,Miss Gina Barrett PhD,randall67@example.com,UK,2024-10-18
106,Sara Sanchez,npeterson@example.org,Germany,2024-06-24
107,Bruce Schmitt,lamvictoria@example.com,USA,2024-02-14
108,Martin Miller,monica40@example.net,USA,2025-01-20
109,Brooke Young,mbradshaw@example.org,France,2025-05-13
110,Pamela Wilson,michaelcastillo@example.net,France,2025-03-31
111,Rebecca Davis,uperez@example.org,USA,2025-05-20
112,Philip Martin,maryerickson@example.net,USA,2023-04-23
113,Jesus Ellison,muellermichael@example.org,Germany,2024-09-23
114,Shawn Pineda,brittany84@example.net,France,2024-03-23
115,Douglas Butler DDS,brewerdeanna@example.com,Germany,2024-07-04
116,Jack Freeman,andersonchristopher@example.org,UK,2023-03-25
117,Mr. Joshua Benitez,savagerussell@example.net,Germany,2025-10-15
118,Brian Dominguez,carroyo@example.net,USA,2025-07-17
119,Taylor Lucas,barkercynthia@example.org,France,2023-07-04
120,Robert Jackson,,Canada,2025-10-30
121,Jesse Pena,james97@example.net,UK,2023-10-10
122,Michael Neal,davidnelson@example.net,USA,2023-02-26
123,Lisa Edwards,linda83@example.com,UK,2023-07-23
124,Leslie Day,wellskeith@example.net,Canada,2025-04-10
125,Gina Beck,crosssteven@example.net,Germany,2025-04-14
126,David Torres,piercemark@example.com,UK,2024-03-17
127,Marcus Garcia,colejoann@example.org,UK,2025-11-22
128,Sandra Kelley,petersenkari@example.org,Germany,2025-04-23
129,Arthur Murphy,herringdennis@example.com,USA,2025-02-11
130,Jennifer Gomez,zchandler@example.org,Germany,2025-06-03
131,Patrick Carey,ssmith@example.net,Canada,2025-05-07
132,Stephen Sawyer,petershields@example.org,Germany,2023-09-29
133,Scott Green,james43@example.net,UK,2023-04-06
134,Monica Smith,adrian11@example.net,Germany,2025-10-01
135,Gina Wood,cynthiabailey@example.org,Canada,2024-10-03
136,Danielle Harris,bakercynthia@example.org,UK,2024-09-16
137,Sonya Rivera,jennifer54@example.com,USA,2024-02-06
138,Tiffany Johns,watsonbradley@example.org,UK,2023-06-17
139,David Sanders,megan95@example.org,Canada,2025-03-25
140,Ronald Green,desiree96@example.org,France,2024-11-12
141,Alexander Faulkner,dicksonjeffrey@example.net,USA,2023-10-25
142,Justin Brown,plane@example.org,Germany,2023-06-19
143,Alexandra Robinson,tommyjohnson@example.net,UK,2025-10-14
144,Cody Hamilton,mburton@example.com,Canada,2023-05-22
145,Lawrence Goodman,kmurphy@example.net,Canada,2025-05-08
146,Krystal Bennett,charlesescobar@example.org,Canada,2025-10-26
147,Andrew Armstrong,robert76@example.net,USA,2023-11-17
148,Willie Moore,lori39@example.net,Germany,2024-12-01
149,William Mitchell,rdennis@example.net,UK,2025-05-14
150,Travis Johnson,barbarafranklin@example.org,USA,2024-12-17
151,Meghan Barton MD,gspencer@example.com,Germany,2023-11-27
152,Patricia Campos,jessica82@example.net,USA,2025-03-21
153,Debra Simon,mercadodwayne@example.com,UK,2023-03-14
154,Benjamin Oconnor,rebecca49@example.net,France,2024-03-25
155,Sheena Chandler,monicawoodward@example.net,Germany,2024-11-16
156,Ross Blake,steven29@example.org,UK,2024-06-29
157,Richard Davis,claudiacompton@example.com,Germany,2024-03-27
158,Bradley Lewis,ajones@example.com,USA,2025-03-21
159,Edward King,elizabethanderson@example.com,Canada,2023-07-16
160,Monique Mccann,swansonjonathan@example.net,UK,2023-03-27
161,Wendy Olson,sara22@example.net,Canada,2025-01-08
162,Joshua Osborne,cchavez@example.com,Germany,2023-08-12
163,Maureen Taylor,kimberly53@example.org,France,2023-04-22
164,Robert Dawson,derrick74@example.net,USA,2023-06-10
165,Katherine Ramirez,ymorales@example.com,UK,2024-01-08
166,Brian Kelly,ashleyreyes@example.com,France,2025-11-06
167,Janet Ferrell,marksellers@example.net,Germany,2024-01-12
168,Alexis Joyce,juliewilson@example.com,Germany,2025-09-15
169,Steven Ponce,lbyrd@example.net,Germany,2025-05-29
170,Ashley Meyer,bailey38@example.net,France,2023-05-28
171,Brian Castaneda,johnsonmelanie@example.net,France,2023-01-07
172,Gregory Wood,wilsonlaura@example.com,Canada,2025-02-06
173,Jennifer Ramos,wigginsjames@example.net,France,2023-04-26
174,Mark Cowan,kimberlyelliott@example.com,Canada,2024-09-28
175,Michelle Garcia,christineosborn@example.com,USA,2023-12-01
176,Sarah Ortiz,hamiltonalyssa@example.com,USA,2024-11-22
177,Emily Edwards,vkrause@example.com,UK,2024-03-13
178,Sabrina Fletcher,kconway@example.com,France,2023-02-17
179,Joshua Morales,jessicaporter@example.org,Canada,2025-06-10
180,Kevin Moore,gphillips@example.com,UK,2023-09-23
181,Jessica Hernandez,erinstewart@example.net,Canada,2025-05-11
182,John Nguyen,williamshenry@example.org,France,2024-09-06
183,Amy Morris,matthew17@example.com,Canada,2023-09-14
184,Tammy Mccormick,qbrooks@example.org,UK,2025-06-26
185,Timothy Lopez,jacob16@example.com,Germany,2024-01-26
186,Ryan Graham,ariel17@example.com,Germany,2023-10-17
187,Melinda Small,christopher71@example.net,UK,2025-04-24
188,Sandra Lowery,fordchristopher@example.org,Canada,2024-09-18
189,Jenna Williams,michelle09@example.com,France,2024-03-27
190,Mckenzie Williams,elizabethchavez@example.org,Canada,2023-04-03
191,Frederick Gray,karen97@example.org,UK,2024-01-15
192,Michael Young,duncanalexander@example.com,USA,2023-03-05
193,Shannon Fletcher,vpowers@example.com,UK,2024-02-22
194,John Mann,nicolehowell@example.com,France,2023-03-17
195,Shirley Larson,hhansen@example.org,Canada,2023-04-30
196,Kelsey Smith,jennifercunningham@example.net,Germany,2025-02-12
197,Jennifer Hubbard,ashley41@example.com,USA,2024-04-22
198,David Kim,rachelgriffin@example.com,Germany,2023-03-14
199,Steven Allen,kevin28@example.org,Germany,2025-07-07
200,Kendra Pearson,gomezgeorge@example.net,Canada,2023-07-21
201,Andrew Singleton,deborahhester@example.org,France,2024-06-05
202,Karen Jones,abigail51@example.net,France,2024-06-11
203,Bradley Williams,williamnorman@example.net,USA,2023-10-23
204,Ronald Martin,lorijohnson@example.com,France,2025-05-22
205,Emily Hughes,rmiller@example.org,UK,2025-05-01
206,Richard Lin DDS,huynhmichael@example.com,UK,2024-12-19
207,Lori Hobbs,stevenbutler@example.net,France,2023-10-29
208,Richard Bennett,brownandrea@example.net,France,2025-04-16
209,Howard Jones,michaelberry@example.net,Canada,2025-10-02
210,Robert Mitchell,arthur15@example.com,Germany,2023-03-03
211,Joshua Smith,bennettmark@example.net,France,2025-07-05
212,Christine Savage,karendavis@example.com,Canada,2024-06-07
213,Angelica Rice,haileypowell@example.org,USA,2023-09-19
214,Mr. Douglas Wall,kevin18@example.org,Germany,2024-07-29
215,Wayne Fernandez,christopher46@example.net,Germany,2023-04-04
216,Erica Leblanc,kjackson@example.org,France,2024-10-30
217,Brittany Cunningham,brian07@example.org,USA,2023-06-16
218,Jill Acevedo,geraldnguyen@example.net,Germany,2024-11-20
219,Samuel Frost,sarahbaldwin@example.net,Germany,2025-02-14
220,Sarah Rivera,michael48@example.org,USA,2024-09-25
221,Michael Hernandez,vatkins@example.com,Germany,2024-10-04
222,Joy Brown,xbradley@example.com,Canada,2023-10-10
223,Haley Herrera,davidjohnson@example.com,France,2023-11-30
224,Sarah Dean,fitzpatrickanne@example.com,France,2024-05-09
225,Christine Bryant,wallacetracey@example.org,Canada,2023-12-13
226,Amy Martinez,daniel47@example.com,Canada,2024-11-02
227,David Chapman,brittanylam@example.com,UK,2025-03-08
228,Lisa Ramirez,adam10@example.net,Canada,2023-06-04
229,Nicholas Williams,crawfordandrew@example.com,USA,2024-08-06
230,Michael Ramirez,reillychristopher@example.org,UK,2024-04-18
231,Amy Pham,ctorres@example.com,Germany,2024-07-21
232,Jennifer Boone,stevensonjohn@example.com,France,2025-08-07
233,Hailey Mullins,mindyvaldez@example.org,Canada,2024-06-05
234,Ryan Phelps,meredithsmith@example.org,France,2025-03-18
235,Adam Wood,judysmith@example.net,USA,2025-10-13
236,Jose Davis,smithsteven@example.com,USA,2023-02-13
237,David Martinez,gchoi@example.net,Germany,2023-06-24
238,Manuel Orozco,kevinparsons@example.org,UK,2025-01-04
239,Connie Pearson,matthew89@example.net,France,2023-07-30
240,Donna Anderson,,Germany,2024-02-18
241,Brett Webster,christina73@example.net,France,2024-11-05
242,Derrick Wilson,jennifer44@example.net,France,2024-06-30
243,Harold Wilkins,dsmith@example.com,Canada,2025-05-27
244,Dennis Jones,joshuarodgers@example.org,France,2024-01-27
245,David Ellis,nsullivan@example.net,USA,2023-10-08
246,Jeffery Larson,jtaylor@example.org,USA,2024-12-21
247,Christopher Robinson,eprice@example.com,UK,2025-02-06
248,Jason Melton,kennethlynch@example.org,UK,2025-10-25
249,Deborah Barrera,gerald02@example.org,Germany,2025-10-05
250,Tyler Dyer,dbarrett@example.org,USA,2023-10-26
251,Timothy Walker,nmorrison@example.org,UK,2024-12-22
252,Alexis Cunningham,vrogers@example.com,Canada,2025-09-11
253,Erik Garcia,dominic67@example.org,USA,2024-10-25
254,Suzanne Hubbard,jeffgibson@example.org,Canada,2024-01-09
255,Julie Richardson,zalvarado@example.net,Canada,2023-06-29
256,Joseph Beck,goodmantom@example.org,France,2024-12-08
257,Dawn Ward,kathyvasquez@example.com,Canada,2025-10-29
258,Andrew Frazier,currykathryn@example.org,USA,2024-07-04
259,James Wilson,lawsonmartha@example.org,Canada,2025-04-13
260,Courtney Zavala,ginaanderson@example.org,Germany,2025-02-13
261,Teresa Hamilton,stacy95@example.com,Canada,2023-12-24
262,Alice Arroyo,joneseric@example.org,UK,2024-08-03
263,Jesse Higgins,wendysantos@example.org,UK,2025-05-31
264,Tony Hawkins,jenniferwilliams@example.com,Germany,2024-03-23
265,Noah Miller,sullivanamy@example.com,Canada,2023-09-24
266,James Reynolds,philipmitchell@example.org,France,2024-06-30
267,Taylor Jordan,karenyoung@example.net,France,2023-11-01
268,Alicia Thornton,john01@example.org,Germany,2025-12-01
269,Gina Rodriguez,rfox@example.com,UK,2024-05-02
270,Jacqueline Kane,basslauren@example.com,Canada,2023-05-27
271,Willie Williams,hernandezbonnie@example.org,Canada,2023-04-21
272,Virginia Nguyen,thompsoncassandra@example.org,France,2025-10-31
273,Christopher Martinez,ktorres@example.com,UK,2025-11-02
274,John Moore,gary57@example.org,Germany,2024-04-28
275,James Lewis,simpsonandrew@example.net,Canada,2025-10-27
276,Thomas Rose,rcline@example.com,UK,2025-04-12
277,Sandra Klein,keithwright@example.net,UK,2025-09-12
278,Melinda Lambert,qporter@example.net,UK,2024-03-26
279,George Reed,ortizjennifer@example.net,USA,2023-06-12
280,Shannon Davis,reyesalex@example.com,UK,2023-04-19
281,Nathaniel Owens,ryancurry@example.net,France,2025-06-06
282,Wayne Mitchell,jeremy86@example.com,USA,2023-02-08
283,Rachel Richards,ricardocraig@example.org,UK,2025-07-25
284,Danielle Watson,prestonnavarro@example.net,Canada,2025-10-04
285,Darrell Martinez,idaugherty@example.net,UK,2024-04-20
286,Todd Barr,millerjessica@example.org,UK,2023-02-13
287,Nicole Collins,richard62@example.net,Canada,2025-09-17
288,April Vasquez,christopherallen@example.net,USA,2025-06-26
289,Rebecca Wallace,katherine49@example.org,USA,2025-05-12
290,Theodore Thomas,uliu@example.net,UK,2023-03-26
291,Kristy Black,herreramiranda@example.com,France,2025-12-28
292,Dana Kane,kylecummings@example.net,USA,2023-07-10
293,Mark Perry,aliciaroberts@example.net,Germany,2024-01-21
294,Dwayne May,masonrita@example.com,UK,2025-10-17
295,Amanda Byrd,amanda11@example.com,France,2025-11-10
296,Erin Herrera,matthewsmith@example.org,UK,2023-03-25
297,Tony Kirby,duane31@example.org,UK,2023-08-09
298,Erika Herrera,xlewis@example.com,France,2023-07-06
299,Alan Bush,jasmine18@example.net,Germany,2024-07-30
300,Sarah Salazar,nicholas44@example.net,Germany,2023-10-07
301,Jennifer Graham,lori81@example.net,Canada,2025-02-05
302,Ryan Sosa,anthonypetty@example.com,UK,2023-05-11
303,William Rogers,michael43@example.com,Canada,2023-09-27
304,Candice English,matthewsmith@example.org,UK,2023-08-09
305,Travis Caldwell,craighorton@example.org,USA,2024-04-15
306,Jessica Gonzalez,michellemills@example.net,Germany,2024-10-04
307,Rachel Hahn,dwelch@example.net,Canada,2024-05-31
308,Robert Ross,shawn01@example.com,UK,2024-01-09
309,Michelle Williams,martinfrancisco@example.com,France,2025-10-20
310,Shannon Long,taylorferrell@example.com,France,2025-06-12
311,Kevin Roberts,adamskelly@example.net,France,2025-02-10
312,Andrea Bradley,ryanjohnson@example.com,France,2024-02-07
313,Christina Lynch,sandralyons@example.com,France,2024-03-31
314,Mr. David Vazquez Jr.,jamiebyrd@example.net,Germany,2024-10-18
315,Kayla Rodriguez,travisschultz@example.com,Germany,2025-08-10
316,Gregory Owens,carloscameron@example.com,Canada,2023-02-12
317,Brittany Gonzales,ashleyfrey@example.org,USA,2023-12-07
318,Lisa Harris,hendrickschristine@example.net,USA,2024-10-24
319,Gina Valencia,greencathy@example.net,UK,2023-09-27
320,Tanya Peters,morganjeremy@example.com,UK,2024-12-09
321,Joseph Frye,lfarmer@example.com,UK,2024-03-10
322,Michael Burnett,kenneth63@example.net,France,2024-10-22
323,Mrs. Sarah Bird,imoore@example.net,Canada,2025-11-06
324,Michael Cooke,kristashort@example.net,France,2024-05-01
325,Samuel Smith,wbell@example.net,Germany,2025-08-05
326,Luis Mccoy,gkim@example.org,USA,2025-07-02
327,Eric Shaw,johnsonluke@example.net,France,2024-05-03
328,Michael Haynes,npowell@example.net,UK,2024-05-18
329,William Simpson,jessicacasey@example.net,France,2025-12-05
330,Stephen King,gregory92@example.net,USA,2023-12-07
331,Jonathan Flowers,simmonschristine@example.com,France,2025-09-07
332,William Harrell,nicoleholmes@example.com,Germany,2023-11-22
333,Jessica Mcclain,maria88@example.net,France,2025-06-19
334,Michael Smith,kgarcia@example.com,France,2023-07-17
335,Justin Young,karen56@example.net,Germany,2023-01-12
336,Karen Lewis,hthompson@example.net,Canada,2024-12-10
337,Bradley Pacheco,williemcconnell@example.com,USA,2023-09-21
338,David Bowen,abrewer@example.org,Canada,2024-06-18
339,Devin Garrett,alanbrady@example.org,USA,2023-06-03
340,Joshua Parrish,chavezjason@example.com,USA,2023-10-28
341,Nicole Bailey,jacqueline90@example.com,France,2025-06-30
342,Rachel Shields,lewisandrew@example.net,UK,2024-07-11
343,Lori Hall,jesse55@example.org,USA,2023-02-20
344,Jesse Whitehead,blakemullen@example.net,USA,2024-10-23
345,Megan Schmitt,vanessalowery@example.net,France,2025-06-08
346,Jason Johnson,gonzalezcory@example.org,USA,2023-09-14
347,Adam Price,kevinbarron@example.org,UK,2024-08-05
348,George Cobb,ramirezjason@example.net,Canada,2023-02-07
349,Brandi Melendez,jenniferlee@example.com,France,2024-12-16
350,Brittany Gilbert,amullins@example.com,Germany,2025-10-16
351,Daniel Merritt,johnsonbilly@example.org,Canada,2024-09-13
352,Elizabeth Stone,emily82@example.net,France,2024-12-04
353,James Ramos,zflores@example.net,France,2025-06-10
354,Theresa Mack,miguel03@example.com,Germany,2025-12-05
355,Jennifer James,butlercrystal@example.org,France,2025-12-21
356,Christine Clark,elizabethmorales@example.org,USA,2023-04-10
357,Stacy Rivera,breanna69@example.com,USA,2024-03-14
358,Christopher Thomas,nicholasstephens@example.org,UK,2025-05-15
359,Carrie Martinez,carneychristopher@example.com,USA,2024-03-08
360,Joseph Davidson,,Canada,2025-10-06
361,Tonya Hill,xbaker@example.net,UK,2025-12-25
362,Jerry Williams,thompsonfrances@example.net,USA,2024-06-28
363,Bridget Chambers,robert98@example.net,Germany,2023-07-13
364,Joy Stewart,qmartinez@example.com,USA,2025-08-26
365,Erin Baker,oadams@example.com,Canada,2024-06-22
366,Terrance Nguyen,keyaustin@example.net,France,2023-04-15
367,Amber Horton,mdunn@example.org,France,2024-07-06
368,Matthew Phillips,xcollins@example.net,USA,2024-10-25
369,Amy Mayer,mwebb@example.org,Canada,2024-03-07
370,Denise Davis,jeremiah80@example.com,Canada,2023-03-26
371,Tracie Fischer,kwood@example.net,France,2023-07-07
372,Dustin Ho,vjackson@example.com,Canada,2023-06-25
373,Lisa Nelson,johntyler@example.net,Canada,2023-07-18
374,Glenn Tucker MD,melissa21@example.net,USA,2023-05-21
375,Joshua Coleman,sgarcia@example.com,USA,2025-06-05
376,Charlotte Davis,nicholerivera@example.net,USA,2023-08-01
377,Laura Ramos,mackenzie78@example.net,France,2024-07-07
378,Anthony Grant,danielmarshall@example.com,USA,2025-12-07
379,Lauren Williams,kempkimberly@example.org,Canada,2024-07-31
380,Mr. Carl Arnold DDS,julie42@example.org,USA,2024-05-26
381,Scott Collins,allenjason@example.com,USA,2024-02-02
382,Gabrielle Vasquez,nanderson@example.com,Germany,2023-07-31
383,Mary Harris,mary91@example.net,France,2024-09-27
384,Courtney Price,fhall@example.org,UK,2025-11-22
385,Joshua Flores,mario98@example.com,France,2025-01-08
386,Andrea Simpson,morgan65@example.org,Germany,2023-03-21
387,Jessica Neal,cunninghampatrick@example.org,Germany,2023-03-15
388,John Lee,dwallace@example.net,Canada,2024-06-28
389,Aaron Davis,steven25@example.org,Canada,2025-11-21
390,Gina Robles,theresaarmstrong@example.net,UK,2024-06-24
391,David Stone,millermichael@example.net,Canada,2023-06-15
392,Michelle Stevens,keith92@example.org,Canada,2025-03-13
393,Heather Vance MD,bowersjenny@example.org,USA,2025-10-20
394,Jennifer Wilson,zvargas@example.com,France,2025-09-27
395,Alexander Yates,perkinslinda@example.com,Canada,2023-08-26
396,Mr. David Rich,kwright@example.com,Canada,2025-12-06
397,John Medina,moorejeffrey@example.org,UK,2025-11-16
398,Amy Mills,jameschavez@example.com,Canada,2025-06-15
399,Judy Allen,jacob72@example.com,USA,2025-12-29
400,Brittany Hanna,loretta73@example.net,UK,2024-04-01
401,Sandra Carter,dillon59@example.net,France,2025-05-07
402,Jordan Wood,cgreen@example.com,UK,2023-02-19
403,Connie Lawson,amyrichardson@example.com,USA,2024-10-13
404,Dr. Darren Brady,michael21@example.net,USA,2025-04-29
405,Rick Martinez,davisbruce@example.org,USA,2024-09-20
406,Victor Rodriguez,robert62@example.com,UK,2025-08-19
407,Juan Snow,josephhernandez@example.org,France,2025-03-29
408,Michael Wu II,orobertson@example.org,Canada,2023-02-18
409,John Cannon,lindseybruce@example.net,Germany,2025-02-08
410,Cindy Keller,jacobreid@example.com,France,2024-12-27
411,Megan Porter,qgonzales@example.org,Canada,2025-08-26
412,Sean Wilson,nathanbarnes@example.com,USA,2023-12-29
413,Mary Jones,davidnewton@example.net,Canada,2023-06-22
414,Veronica Garcia,isabel86@example.net,Germany,2024-09-18
415,Christine Anderson,scottgrant@example.com,Germany,2024-06-25
416,Jessica Salas,ihoward@example.org,USA,2024-04-16
417,David Hoover,roachkimberly@example.com,France,2024-12-26
418,Spencer Crawford,garciaseth@example.org,Canada,2023-08-27
419,Jennifer Reeves,briancampos@example.net,Canada,2023-01-13
420,Dustin Williams,dominique51@example.org,Germany,2024-06-14
421,Susan Hinton,emily00@example.com,Germany,2025-12-19
422,Stephen Gonzalez,michelle61@example.org,UK,2024-06-19
423,Francisco Taylor,heather09@example.com,USA,2023-11-23
424,Jermaine Ortiz,howematthew@example.net,USA,2025-07-04
425,Melissa Hill,amypayne@example.com,Germany,2025-08-20
426,Dean Brandt,fmunoz@example.net,UK,2024-01-08
427,Nicholas Jones,smithwendy@example.org,Germany,2025-02-17
428,Mr. John Simmons,eruiz@example.com,Canada,2025-12-29
429,Stacy Robles,mreese@example.org,Canada,2024-10-25
430,Mark Nelson,andrew48@example.com,UK,2024-03-28
431,Kirk Lowery,gardnerleah@example.net,Canada,2025-02-21
432,Amanda Clark,mmendoza@example.net,Canada,2023-06-04
433,Thomas Buck,brooke98@example.net,UK,2024-09-07
434,Paul Hicks,melissa04@example.com,UK,2023-06-10
435,Raymond Jensen Jr.,alex80@example.net,France,2023-07-01
436,Daniel Peterson,garciastephen@example.net,USA,2025-07-28
437,Cindy Daniels,watkinsamy@example.net,UK,2025-07-11
438,Shawn Clark,srosario@example.com,Germany,2025-09-01
439,Shannon Ross,ashley76@example.net,Germany,2023-05-11
440,Ann Chandler,danielwilliams@example.org,USA,2024-03-24
441,Aaron Jones,sperkins@example.org,UK,2024-08-21
442,Lori Nelson,hopkinssusan@example.net,Canada,2023-10-05
443,Gina French,shawchristopher@example.com,UK,2023-10-15
444,Alexander Ward,joel49@example.org,France,2024-02-14
445,Chelsea Brown,mowens@example.com,USA,2023-09-06
446,Joseph Malone,andersonmary@example.net,UK,2023-09-14
447,Tasha Cole,benjamin97@example.com,Canada,2024-04-14
448,Eric Evans,joseph78@example.org,Canada,2024-12-18
449,Beth Meyers,daniel75@example.net,USA,2025-07-02
450,Jerry Mullins,laurieparker@example.net,UK,2024-04-09
451,Karen Smith,collinschristopher@example.com,UK,2024-01-28
452,Edward Sosa,rrollins@example.net,Germany,2025-06-13
453,Alicia Villegas,victoria04@example.net,Germany,2024-04-24
454,Kimberly Nelson,chad97@example.net,Germany,2023-03-24
455,April Willis,ramirezjamie@example.net,France,2025-11-05
456,Brandon Cruz,thomassmall@example.org,France,2023-08-21
457,Rebecca Green,erin17@example.com,Germany,2024-03-29
458,Caleb Olsen,duanegarcia@example.com,UK,2024-10-21
459,Marissa Cox,derek49@example.net,France,2024-03-01
460,Patricia Brooks,johnsonhaley@example.com,USA,2025-03-06
461,Rose Harrison,esnyder@example.org,USA,2024-02-21
462,Dr. James Jones,beckdanielle@example.org,USA,2024-04-29
463,Stephen Diaz,garciadaniel@example.net,France,2024-08-10
464,Daniel Vance,david08@example.net,France,2023-03-16
465,Jessica Richardson,elizabethparker@example.org,Germany,2024-08-10
466,Joshua Perez,elizabeth72@example.com,France,2025-04-23
467,Jesus Marquez,jennifer18@example.com,Canada,2024-01-26
468,Robert Rogers,cooperdaniel@example.com,France,2023-10-19
469,James Franco,allisonholder@example.com,France,2023-05-22
470,Amber Leon,samanthalopez@example.net,USA,2023-07-28
471,Brandon Flores,turnerjason@example.org,France,2023-06-11
472,Mr. Daniel Gonzales DDS,bennettdiane@example.org,France,2023-03-11
473,Michael Gilbert,mrandolph@example.net,USA,2024-06-02
474,Erin Ross DVM,dturner@example.com,Canada,2023-06-13
475,Erika Fernandez,christopherholloway@example.com,Canada,2025-12-08
476,Terri Davenport,scooper@example.com,USA,2024-01-21
477,Harold Martinez,barbarafrank@example.net,USA,2025-03-20
478,Stephanie Sutton,grayderrick@example.com,Canada,2025-10-03
479,Morgan Morrow,vlong@example.org,Germany,2025-02-20
480,Lucas Carlson,,Germany,2024-01-17
481,Kim Young,maurice68@example.net,France,2025-11-28
482,Allison Mathews DVM,howardjohn@example.com,France,2023-02-09
483,Kevin Baker,josephneal@example.org,Germany,2023-05-20
484,Julie Rodriguez,david47@example.net,UK,2024-11-15
485,Travis Green,davismorgan@example.org,France,2025-03-15
486,Stephanie Raymond,jameslane@example.org,USA,2024-08-12
487,Laura Ellison,grantjensen@example.com,Canada,2023-11-24
488,Emily Hess,lisamccullough@example.net,Germany,2023-05-18
489,Natalie Mueller,xmaddox@example.com,Germany,2024-10-06
490,Tamara Wilson,benjamin87@example.com,USA,2024-07-15
491,Melissa Malone,todd69@example.net,Canada,2025-04-02
492,Timothy Adams,stantonpaige@example.org,USA,2023-12-20
493,Christina Castillo,kylievalenzuela@example.org,France,2023-01-07
494,Mike Anderson,pamela07@example.net,Canada,2025-05-09
495,Luke Alvarez,danderson@example.com,Germany,2025-12-21
496,Mrs. Monica Figueroa MD,aliciafarmer@example.net,Germany,2025-09-19
497,Jason Parrish,nealsusan@example.com,Germany,2024-02-28
498,Tara Taylor,ashley11@example.org,USA,2024-06-21
499,Brendan Herman,hannahabbott@example.com,France,2025-11-12
500,Jordan Robinson,ernestosborne@example.org,Canada,2024-03-04
501,Kelsey Little,sarah96@example.org,UK,2024-12-13
502,Jeremy Woods,anthonysmith@example.org,France,2024-05-24
503,Ivan Ramirez,christy54@example.com,UK,2025-07-03
504,Justin Wilson,greenalbert@example.org,Germany,2023-07-29
505,Amber Berger,hendricksian@example.com,Germany,2025-08-13
506,Hailey Gonzalez,catherinesimmons@example.net,Canada,2025-07-14
507,Tina Watts,adrian52@example.net,Canada,2023-10-08
508,Tammy Ramos,travistiffany@example.org,Canada,2024-08-22
509,Susan Turner,mark75@example.net,Canada,2024-10-17
510,Kathy Armstrong,jordan13@example.org,Germany,2024-03-03
511,Darlene Glenn,morrowjonathan@example.org,Canada,2024-09-04
512,Nicole Franklin,uclark@example.net,Germany,2024-10-27
513,Maria Valencia,andrewnguyen@example.com,France,2025-10-22
514,Casey Marshall,rrodriguez@example.com,Germany,2025-11-17
515,Leslie Matthews,mary64@example.com,Germany,2024-04-27
516,Lindsay Perez,stephen78@example.com,France,2025-05-26
517,Kevin Brennan,jshaw@example.org,UK,2024-08-17
518,Steven Shah,duane02@example.org,Canada,2023-02-21
519,Jennifer Christensen,jasonvincent@example.org,France,2024-10-20
520,Jared Forbes,charles20@example.org,Canada,2024-08-10
521,Keith Harris,robert94@example.com,UK,2023-10-06
522,Patty Kim,nelsondarryl@example.net,France,2024-05-27
523,April Osborne,vsutton@example.org,France,2025-03-27
524,Mark Gray,brittany73@example.org,USA,2024-07-17
525,Robin Mendez,elizabethbrown@example.com,UK,2024-04-01
526,Christina Sanchez,sthomas@example.com,Canada,2023-09-23
527,Daniel Young,tylerrobert@example.com,USA,2023-02-18
528,Victoria Woods,kevinochoa@example.com,UK,2023-07-01
529,Steven Johnson,grichardson@example.net,UK,2025-08-09
530,Mrs. Kimberly Torres DDS,rserrano@example.net,Canada,2025-09-08
531,Joseph Harris,moorejessica@example.com,USA,2024-07-11
532,Paul Graves,oleon@example.com,Canada,2024-12-16
533,Sylvia Hale,randallrichardson@example.org,UK,2023-04-07
534,Brenda Ortiz,sarahbrown@example.com,Canada,2024-04-19
535,Sara Sanchez,jose19@example.net,France,2023-06-19
536,Katie Miller,ihayes@example.org,Germany,2023-04-14
537,Jonathan Jackson,vpotts@example.com,UK,2024-08-07
538,Melissa Christian,yclay@example.net,USA,2025-07-09
539,Linda Brooks,uwatson@example.org,France,2025-10-24
540,Michael House,wilsonjennifer@example.net,Canada,2023-03-17
541,Veronica Smith,davisjoshua@example.org,USA,2023-05-08
542,Megan Lowe,jaredtaylor@example.net,USA,2025-10-02
543,Allison Huynh,curtis09@example.net,Germany,2025-06-26
544,Beth Forbes,timothyharrington@example.net,USA,2023-10-12
545,Melissa Diaz,ldean@example.net,UK,2024-08-02
546,Kyle May,unguyen@example.org,France,2025-09-05
547,Matthew Duran,adamschelsea@example.net,France,2025-07-07
548,Carla Leonard,riverajacob@example.com,USA,2024-07-30
549,Randall Johnson,andrew03@example.org,USA,2025-05-07
550,Carol Howard,grantturner@example.org,UK,2023-07-01
551,Stephen Evans,maldonadochristopher@example.net,UK,2024-07-09
552,Sydney Dalton,wmorrow@example.org,Germany,2023-03-22
553,Jason Rogers,smithveronica@example.com,France,2025-07-24
554,Shane Wade,nmaldonado@example.com,USA,2024-03-04
555,Joshua Serrano,qwilliams@example.com,Germany,2024-03-29
556,Paula White,christine19@example.org,UK,2025-11-10
557,Jesse Hunter,lisa62@example.org,Canada,2023-09-09
558,Melissa West,tristanmorrow@example.org,France,2025-04-25
559,Melissa Robbins,brianchung@example.org,Canada,2024-01-01
560,Aaron West,david40@example.com,France,2023-03-30
561,Veronica Walker,derrick46@example.org,Germany,2025-11-26
562,Shannon Graham,timothyrivers@example.com,Canada,2023-01-19
563,Dennis Peters,jessebush@example.net,Germany,2024-07-11
564,Jasmine Powell,conradthomas@example.com,UK,2023-03-11
565,Oscar Rodriguez,brian80@example.net,Canada,2023-02-11
566,Timothy Maxwell,martha46@example.org,Germany,2023-05-26
567,Christine Jackson,jsmith@example.net,USA,2024-05-04
568,Kevin Hayes,johnsonalicia@example.com,UK,2025-08-23
569,Linda Johnson,susanrobinson@example.net,France,2023-01-10
570,Kelly Smith,brendaaguilar@example.org,France,2025-04-10
571,David Curtis,ejuarez@example.com,France,2024-09-18
572,Mrs. Becky Knight,johnsonlori@example.org,Germany,2023-09-17
573,Mr. Andrew Bautista,michael49@example.org,Germany,2024-04-04
574,Scott Spencer,ystewart@example.org,Canada,2024-07-24
575,Thomas Downs,kfox@example.net,Canada,2024-06-24
576,Sarah Beck,joshuarobinson@example.net,Canada,2024-03-01
577,Sean Dominguez,jclay@example.com,Canada,2024-10-13
578,Cheryl Callahan,rmccullough@example.com,France,2025-03-23
579,Heather Jones,amberrose@example.net,France,2024-05-09
580,Justin Larsen,ftucker@example.com,Canada,2023-04-09
581,Mary Cruz,leachzachary@example.com,Germany,2023-04-29
582,Brian Cantrell,jennifer50@example.net,France,2024-02-06
583,Janet Cooke,lisa35@example.com,UK,2023-12-21
584,Julia Lopez,durandavid@example.org,Germany,2024-12-12
585,Marisa Becker,richardclay@example.com,Canada,2025-09-30
586,Melissa Carr,schwartzsuzanne@example.net,Germany,2023-05-01
587,Philip Lewis,wendydavis@example.net,Canada,2024-01-09
588,Kevin Allen,courtneyyoung@example.com,USA,2023-10-02
589,Heather Manning,elizabeth87@example.org,UK,2025-01-31
590,Judy Livingston,charles19@example.net,UK,2024-02-05
591,Daniel Mathis,ccarr@example.org,France,2024-09-05
592,Michele Allen,michealhernandez@example.org,Canada,2025-01-30
593,Charles Dixon,rbell@example.net,UK,2024-04-14
594,Carrie Turner,franciscovalenzuela@example.net,USA,2024-08-06
595,Shannon Le,cartermichelle@example.net,France,2024-04-07
596,Julie Smith,chall@example.com,USA,2023-08-03
597,Dr. Holly Hobbs,bevans@example.net,UK,2025-11-02
598,Christopher Anderson,donnaortiz@example.com,UK,2025-01-25
599,Christopher Phillips,david92@example.org,Canada,2023-03-31
600,Jessica Thompson,,UK,2024-09-29
601,Lori Hopkins,nelsonjessica@example.org,Canada,2023-12-15
602,Megan Peterson,michaelmassey@example.com,France,2023-12-07
603,Brian Quinn,alicia61@example.org,USA,2024-05-04
604,Amanda Davis,vbrooks@example.org,France,2023-12-02
605,Miguel Mccann,vbonilla@example.com,USA,2023-06-09
606,Bobby Reynolds,andersonandrea@example.org,France,2024-03-06
607,Donald Lopez,pmiles@example.org,Germany,2025-06-24
608,Angie Medina,zoedelgado@example.net,UK,2024-04-05
609,John Jackson,jacobjohnson@example.com,UK,2024-10-10
610,Lee Carroll,stevengarcia@example.net,Canada,2025-07-24
611,Lori Powell,grush@example.org,Germany,2023-03-10
612,Jennifer Lee,angela66@example.net,Canada,2024-11-15
613,Beth Miller,lambmanuel@example.net,UK,2025-12-16
614,Christopher Brock,qkelley@example.net,USA,2024-01-27
615,Patrick Williams,sadams@example.com,USA,2024-08-04
616,Jennifer Matthews,hernandezjames@example.com,Germany,2025-06-30
617,Craig Smith,burnsthomas@example.org,Canada,2025-02-16
618,Jacob Baker,teresa40@example.net,France,2024-09-29
619,John Watson,fbarnes@example.net,UK,2024-08-08
620,Tiffany Herring MD,gardnerchristine@example.net,France,2023-06-28
621,Crystal Frye,jstrickland@example.net,USA,2025-04-06
622,Deborah Rogers,murphyjames@example.net,UK,2023-09-23
623,Julie Hunt,jonesvictoria@example.org,Germany,2023-03-07
624,Bruce Shelton,victormiller@example.net,USA,2024-12-29
625,Mrs. Candice Hays,mirandabell@example.net,USA,2025-01-28
626,Lisa Sanders,sharonenglish@example.net,France,2023-01-11
627,Lisa Silva,jacksonmarco@example.net,Germany,2023-05-24
628,Jamie Rodriguez,michael96@example.net,UK,2023-10-18
629,Dana Paul,evanstewart@example.com,UK,2025-03-20
630,Rebekah Gonzalez,tavila@example.com,France,2024-05-26
631,Charles Daniels,mcgeejohn@example.net,Germany,2025-04-12
632,Timothy Lewis DVM,ashleyhall@example.com,UK,2023-05-09
633,Joshua Kidd,christopher02@example.com,Canada,2025-12-19
634,Lucas Reed,julie13@example.net,France,2024-05-08
635,Mary Marshall,tammy70@example.org,Canada,2024-02-20
636,Jack Brown,rebecca43@example.org,Canada,2023-04-26
637,Katherine Kelly,pateldylan@example.com,UK,2025-11-14
638,Caitlyn Mack,ywilliams@example.org,Germany,2023-09-11
639,John Stuart,martha56@example.com,UK,2023-05-10
640,Brian Gardner,mcdonaldryan@example.com,Canada,2025-09-14
641,Rachel Hicks,hmcfarland@example.org,USA,2023-04-01
642,Renee Williams,warnerwilliam@example.net,Canada,2023-08-20
643,Anthony Ashley,kingdaniel@example.com,Canada,2023-03-23
644,Tanya Thompson,reidfrancisco@example.com,UK,2025-08-05
645,Melissa Smith,alexandernatalie@example.net,Canada,2025-09-17
646,Lance Escobar,tthomas@example.com,UK,2023-12-27
647,Sheila Kim,russelldesiree@example.org,Germany,2023-07-24
648,Amy Mckenzie,christopher57@example.org,USA,2024-06-13
649,Barry Glenn,alexander28@example.net,Canada,2025-11-11
650,Stephanie Oliver,leslie46@example.net,USA,2023-12-14
651,Derek Hernandez,rachelthomas@example.net,Canada,2023-06-09
652,Bobby Osborne,kellikaufman@example.com,France,2023-01-19
653,Anthony Lee MD,benjamincox@example.com,France,2024-02-01
654,Vicki Butler,allenroger@example.net,USA,2023-07-25
655,Laura Wallace,nicholasgarcia@example.com,UK,2024-11-12
656,Jody Todd,wmassey@example.com,UK,2023-12-21
657,Christopher Chang,sarah65@example.com,UK,2025-06-16
658,Christopher Greene,stevenwashington@example.org,Canada,2025-09-21
659,David Lawson,amedina@example.com,USA,2025-11-04
660,Mark Wilson,hvega@example.net,USA,2023-05-14
661,Amanda Nguyen,kelsey38@example.com,UK,2025-11-13
662,Kathleen Gonzales,ybuckley@example.com,USA,2025-03-07
663,Rodney Martin,omcgee@example.org,UK,2025-07-10
664,Cindy Avila,ubarnes@example.net,USA,2023-03-16
665,Gregory Burch,melissabarnett@example.org,UK,2023-05-11
666,Nancy Rose,qnguyen@example.org,Germany,2025-01-02
667,Matthew Ramirez,sean17@example.net,Canada,2023-01-24
668,Jason Gordon,ayalakathy@example.com,Canada,2024-03-03
669,Mr. Johnny Henderson,wwolfe@example.com,USA,2023-12-11
670,Patrick Richard,jonathan60@example.org,Germany,2023-06-18
671,Zachary Martinez,whitneymartin@example.net,Canada,2024-04-13
672,Joann Arnold,paulacook@example.net,UK,2024-09-27
673,Ashley Lyons,millerdustin@example.org,Canada,2025-02-19
674,Chad Deleon,krichardson@example.net,Germany,2025-05-01
675,Jacob Wood,davidgregory@example.net,Germany,2023-10-27
676,Jody Frazier,cathy03@example.com,USA,2024-05-03
677,Thomas Lawrence,michelle81@example.com,France,2023-04-30
678,Stephen Rhodes,gsmith@example.net,USA,2024-03-18
679,Wayne Mccullough,laurennavarro@example.org,USA,2024-07-29
680,Jamie Mclaughlin,davidwebster@example.com,UK,2023-12-31
681,Richard Lloyd,moorepamela@example.net,UK,2025-10-20
682,Mrs. Kelly Davis,hernandezrenee@example.com,USA,2024-03-12
683,Justin Sparks,ylopez@example.org,Canada,2024-11-29
684,Mary Klein,johnsonmelissa@example.net,Germany,2025-11-03
685,Jessica Goodman,pattersonjessica@example.org,UK,2025-04-13
686,Catherine Johnson,johnsontammy@example.org,UK,2025-06-06
687,Christopher Morales,shawn46@example.org,Canada,2025-01-21
688,Aaron Whitaker,tjohnson@example.org,UK,2023-01-25
689,Taylor Garrett,bhowell@example.net,USA,2024-11-28
690,Michael Butler,amiller@example.org,Canada,2023-02-06
691,Crystal Chen,agarcia@example.net,USA,2024-09-03
692,David Meyer,juan82@example.org,UK,2024-11-07
693,Loretta Atkins,pmartin@example.com,Germany,2024-02-26
694,Madeline Brown,riverastacey@example.com,UK,2025-09-02
695,Susan Aguilar,howardkimberly@example.com,USA,2025-12-07
696,Elizabeth Thomas,osborneduane@example.org,France,2023-11-01
697,Diane Chavez,samantha31@example.net,Canada,2023-06-01
698,Jennifer Nelson,wayne37@example.com,France,2023-08-14
699,Christopher Smith,turnerbeverly@example.org,USA,2023-09-25
700,Karen Hanson MD,richarddixon@example.net,France,2025-04-18
701,Keith Baker,mgraves@example.com,Canada,2023-09-25
702,Jack Robertson,janet38@example.com,UK,2023-09-02
703,Christopher Whitaker,uwagner@example.com,Germany,2023-01-08
704,Samuel Vazquez,iadams@example.org,Germany,2025-10-07
705,Carla Reed,muellerlori@example.net,Germany,2025-10-12
706,Dr. Ashley Wood DDS,jessica99@example.org,Germany,2023-04-08
707,Jose Johnson,sturner@example.org,Germany,2025-06-26
708,Adam Evans,michaelballard@example.net,UK,2024-10-04
709,Kelly Mcbride,bradshawjonathon@example.org,Canada,2023-07-09
710,Julie Johnson,melliott@example.com,France,2023-12-20
711,David Matthews,tonimaldonado@example.org,UK,2023-07-18
712,Lisa Thompson,stephen68@example.com,UK,2025-02-05
713,James Valencia,tmurphy@example.com,Germany,2023-09-08
714,Emma Wilson,pestes@example.org,Germany,2023-10-19
715,David Zamora,qlozano@example.org,Canada,2023-08-05
716,Jeremy Holt,amandaedwards@example.com,UK,2025-12-06
717,Allison Morrison,gonzalezmiranda@example.org,USA,2023-11-17
718,Philip Andrews,mckinneykelly@example.org,USA,2025-12-06
719,Andrew Pennington,danaalvarez@example.org,UK,2025-05-27
720,Sherri Allen,,UK,2023-07-01
721,Jeffrey Vasquez,andrademichael@example.org,Canada,2024-09-12
722,John Wright,ygarcia@example.com,Canada,2023-09-12
723,Mr. Roberto Patrick MD,katherineryan@example.net,Germany,2024-09-10
724,Terry Kline,gmartinez@example.com,France,2023-04-08
725,Peter Clayton,vschultz@example.org,Canada,2025-05-11
726,Jeremiah Martin,robertaustin@example.com,Germany,2024-02-08
727,Crystal Andrews,ihawkins@example.com,Germany,2023-06-19
728,Sandy English,fobrien@example.org,USA,2023-08-13
729,Jennifer Sharp,brian25@example.com,Germany,2025-02-08
730,Grant Hernandez,pbrown@example.net,France,2023-09-13
731,Evelyn Reed,megan11@example.com,UK,2025-07-29
732,April Simmons,riverawilliam@example.com,Germany,2025-04-03
733,Dalton Anderson,leelogan@example.net,UK,2024-10-31
734,Victor Martinez,cody17@example.org,USA,2023-08-10
735,Andrew Lee,mcampbell@example.net,UK,2023-06-18
736,Daisy Alvarez,kelleybrent@example.com,UK,2024-02-13
737,Katrina Adams,smithchristopher@example.com,UK,2025-12-08
738,Mary Johnson,cmassey@example.com,Germany,2025-03-15
739,David Hardin,grace63@example.com,UK,2023-12-03
740,Tanya White,ruiznancy@example.com,France,2023-09-23
741,Kenneth Ford,andersonjoyce@example.net,Germany,2023-03-01
742,Samuel Butler,wwillis@example.org,Canada,2024-03-11
743,Ryan Greene,petersenanthony@example.org,USA,2024-10-19
744,Garrett Nguyen,william38@example.org,USA,2024-05-15
745,Michael Perez,wallacemelanie@example.com,France,2023-09-07
746,Carla Bell,bryanjason@example.com,UK,2023-05-08
747,Leon Santiago,erika45@example.org,UK,2025-08-06
748,Elizabeth Moore,kmoore@example.org,Germany,2023-02-02
749,Jennifer Wheeler,david48@example.com,USA,2025-10-18
750,Sonya Blair,onelson@example.net,France,2025-10-12
751,Cassandra Kelly,wilsonangel@example.com,UK,2023-03-04
752,Spencer Haas,brian27@example.net,Germany,2025-07-06
753,Sherry Reilly,wardtiffany@example.org,Germany,2025-12-21
754,Tammy Mcdowell,campbellkevin@example.org,USA,2024-05-22
755,Janice Williams,ewingangela@example.net,Germany,2024-10-15
756,Robert Hamilton,millsjennifer@example.com,Canada,2024-03-14
757,Tina Montoya,wwhite@example.com,USA,2024-07-17
758,Madeline Monroe,lnelson@example.com,Germany,2024-12-06
759,Jean Pugh,willisjason@example.com,USA,2024-12-26
760,Teresa Mcbride,sharon38@example.net,UK,2025-09-06
761,Alyssa Harrison,sarahedwards@example.org,UK,2024-12-19
762,Lawrence Diaz,phillipsalyssa@example.com,France,2023-03-26
763,Jim Rivas,jennifer59@example.net,UK,2024-04-10
764,Christian Austin,ryan87@example.net,Germany,2025-08-03
765,Nicole Anderson,andrewstout@example.net,UK,2025-01-30
766,Deborah Brown,iallen@example.net,Germany,2023-10-29
767,Grace Phillips,caleb96@example.org,Germany,2024-07-23
768,Adam Rose,adamsdawn@example.net,Canada,2023-09-08
769,Robert Williams,whall@example.org,USA,2024-08-11
770,Judy Pacheco,ulove@example.com,UK,2023-02-28
771,Justin Walker,mconner@example.com,France,2024-06-24
772,Michele Allen,zwilliamson@example.org,Canada,2025-03-20
773,Haley Bowers,whardy@example.org,Germany,2024-02-15
774,Randall Tran,walkermark@example.net,UK,2023-03-24
775,Nicholas Davis,michaelwest@example.net,UK,2024-08-06
776,Amy Acosta,krystaldeleon@example.org,Germany,2023-03-07
777,Brandon Burnett,zacharysteele@example.net,Germany,2024-02-07
778,Cathy Mcclure,nelsontyler@example.net,France,2024-07-29
779,Mark Wagner,jennifer50@example.com,France,2024-05-16
780,Jeffery Hill,smithstephanie@example.com,Germany,2024-10-04
781,Sara Lang,allenlance@example.com,Canada,2023-05-22
782,Beverly Hodges,hollyalexander@example.com,Germany,2025-10-04
783,Bruce Thomas,samanthahayes@example.org,UK,2024-04-22
784,Ryan Gonzalez,brittanywilcox@example.org,Germany,2024-12-17
785,William Chase,olivia66@example.net,Canada,2025-04-27
786,Mr. Jason Harris,jacksondenise@example.com,Germany,2023-11-22
787,Grant Moore,michael67@example.org,USA,2024-12-07
788,Howard Anderson,amy00@example.org,France,2025-05-17
789,Vincent Robertson,ugarcia@example.com,Germany,2025-03-10
790,Johnny Rodriguez,garrettthomas@example.net,France,2023-02-06
791,Donald Davis,twilliams@example.net,France,2025-05-19
792,Mr. John Aguilar,watsonronald@example.com,UK,2023-02-11
793,Carlos Miller,jody72@example.net,UK,2024-01-09
794,Derrick Davis,rbrown@example.com,France,2025-09-29
795,Adam Jennings,lewisdana@example.net,France,2025-11-26
796,Brian Barker,umccarthy@example.org,France,2024-07-01
797,Jamie Davis,vincent31@example.org,USA,2023-11-30
798,Jason Atkinson,tdonovan@example.net,USA,2023-09-14
799,Danny Thomas,nicole07@example.net,USA,2024-03-13
800,Amy Andrews,ebuckley@example.net,Canada,2023-09-15
801,Arthur Bartlett,howard33@example.com,UK,2025-05-01
802,Catherine Snyder,turnerpeter@example.com,France,2024-01-23
803,Linda Proctor,laurie45@example.net,USA,2025-04-26
804,Ashley Johnson,laura87@example.org,Canada,2025-01-13
805,Cynthia Khan,harveychristopher@example.org,Germany,2023-12-02
806,Johnny Ramirez,nnelson@example.net,France,2024-11-17
807,Elizabeth Hammond,dgibson@example.net,UK,2025-08-16
808,Tammy Lewis,wandarodriguez@example.net,Germany,2024-10-26
809,Linda Singleton,daviskevin@example.com,Germany,2023-02-16
810,Lance Yang,williamwashington@example.com,Germany,2025-06-20
811,James Fisher,alan74@example.net,USA,2025-07-28
812,Brett Berg,acarter@example.com,UK,2023-01-01
813,Courtney Skinner,isanchez@example.com,France,2023-07-17
814,Dennis Harris,melissa15@example.net,France,2023-02-12
815,Kimberly Hernandez,hernandezmorgan@example.com,UK,2024-11-01
816,Matthew Glover,corey52@example.org,USA,2025-11-01
817,Jesse Brewer,mitchell16@example.org,UK,2024-10-04
818,Richard Phillips,cvaughan@example.com,France,2025-01-24
819,Kendra Mullins,buckcrystal@example.net,Canada,2023-10-16
820,Cynthia Mosley,jeffreymiddleton@example.net,USA,2024-10-12
821,Kenneth Holland,kimberlymccann@example.org,Canada,2024-10-28
822,Danielle Gordon,whitejoseph@example.net,Canada,2025-04-26
823,Sharon Davis,cookkeith@example.com,Canada,2023-10-10
824,Elizabeth Daniels,christinegonzalez@example.com,UK,2023-11-15
825,Mary Robinson,jennifer91@example.org,USA,2025-06-06
826,William Jones,katiereynolds@example.net,USA,2025-04-08
827,Gabriel Hall,james75@example.net,UK,2025-08-29
828,Donald Henry,vrodgers@example.net,UK,2023-08-31
829,Andre Allen,xgray@example.com,France,2024-09-27
830,Brian Burnett,claire63@example.com,France,2023-12-02
831,Henry Greene MD,erik84@example.org,UK,2024-10-01
832,Gabrielle Clark,trevor06@example.org,UK,2023-02-19
833,Clinton Green,alutz@example.org,USA,2024-11-16
834,Andrew Hayes,gmiller@example.com,France,2023-06-16
835,Kimberly Curry,molinacharles@example.org,Germany,2023-09-05
836,Erin Adams,kayla51@example.net,Germany,2025-07-23
837,Angela Evans,matthewholmes@example.net,Canada,2025-12-24
838,William Hammond,courtney03@example.net,USA,2025-10-01
839,Monique Valdez,traciesutton@example.net,UK,2025-11-14
840,Michelle Cole,,France,2024-12-16
841,Cody Pierce,aaron89@example.com,USA,2024-05-23
842,Edgar Murphy,solisjill@example.com,UK,2023-06-17
843,Debra Davis,hgrant@example.com,Germany,2025-02-17
844,Miguel Contreras,angelagreen@example.net,USA,2025-08-16
845,Laura Kim,brownkatrina@example.org,USA,2023-01-12
846,Joshua Cain,tjordan@example.net,USA,2024-09-01
847,Ashley Spears,josephgardner@example.org,Canada,2023-11-09
848,Lori Torres,matthew45@example.com,Germany,2023-09-11
849,Karina Lambert,brownralph@example.org,Germany,2025-06-10
850,Melanie Acosta,jenniferthompson@example.com,France,2024-09-18
851,Tina Rogers,loganbowers@example.com,Canada,2025-10-05
852,Jonathan Jones,timothyvalenzuela@example.org,USA,2025-06-29
853,Nicole Burns,jenniferwagner@example.net,Canada,2024-02-14
854,Robert Williams,flara@example.net,Canada,2025-01-28
855,Andrew Turner,radams@example.net,Germany,2024-01-29
856,Justin Navarro,martinezcarol@example.org,USA,2025-07-25
857,Ryan Patterson,eric68@example.net,Canada,2023-09-24
858,Samantha Lynch,grahamrita@example.net,USA,2024-09-05
859,Jordan Jones,brian02@example.net,UK,2024-04-01
860,Benjamin Garcia,natashahoward@example.net,Germany,2023-11-22
861,David Gross,lisaperkins@example.net,Germany,2025-09-22
862,James Parker,meltondesiree@example.com,Canada,2025-12-02
863,Jessica Kelly,rbarnes@example.net,Germany,2024-06-01
864,Robert Wheeler,rodriguezthomas@example.com,UK,2025-02-11
865,Christina Gray,brian37@example.org,Canada,2024-12-10
866,Thomas Robinson,jessicanewton@example.org,USA,2023-08-20
867,Jeffrey Kennedy,helenroberts@example.org,USA,2024-07-18
868,Holly Allen,longshannon@example.com,USA,2023-09-30
869,Sara Morrison,maria54@example.org,Germany,2025-11-30
870,Linda Lopez,crystal78@example.org,Germany,2024-02-16
871,Gary Marquez,weaverjoanna@example.org,UK,2023-12-07
872,Stacie Wyatt,ramirezvictoria@example.net,Germany,2024-03-17
873,Andrew Thompson,hickmanpaul@example.com,France,2024-03-23
874,Marie Myers,trevorhughes@example.com,France,2024-11-19
875,Jodi Burgess,marypowers@example.org,Germany,2024-12-09
876,Amanda Carter,danielle85@example.org,Germany,2024-07-30
877,Jamie Kline,tracy06@example.org,USA,2025-07-10
878,Kimberly Hardy,mjackson@example.org,UK,2024-07-09
879,Gary Walker,angel02@example.com,France,2024-08-24
880,John Shepard,darren96@example.net,France,2025-06-28
881,Lisa Delgado,samuelware@example.net,USA,2023-10-04
882,Anthony Ayers,lisa87@example.net,UK,2024-08-27
883,Shelly Mason,jessica63@example.org,UK,2023-06-10
884,Jordan Ross,wrightbryan@example.net,USA,2025-12-25
885,Jessica Proctor,katie03@example.net,USA,2023-12-04
886,James Jones,hernandezpenny@example.net,UK,2023-05-07
887,Margaret Rice,kiddroger@example.org,France,2024-05-11
888,Paul Lara,kristinmartinez@example.com,Germany,2023-12-07
889,Brett Nixon,tracyrice@example.net,France,2024-08-13
890,Stephanie Brooks,christopherroberts@example.org,UK,2025-04-10
891,Caitlyn Fernandez,erikacooper@example.net,Canada,2025-07-25
892,Stephanie Smith,triley@example.com,France,2024-07-08
893,John Chan,tbowers@example.com,UK,2024-02-16
894,Aaron Sims,ashleycook@example.net,UK,2025-11-12
895,Alicia Jefferson,collinskevin@example.org,Canada,2024-05-03
896,Elizabeth Patel,david24@example.com,Canada,2024-12-20
897,Hunter Taylor,tinabowman@example.org,USA,2024-08-10
898,Bobby Kirk,shafferkristina@example.com,Germany,2025-08-25
899,John Young,martinezkathleen@example.net,Canada,2024-11-02
900,Melinda Butler,amandascott@example.net,Germany,2024-03-24
901,Willie Nelson,garciadavid@example.org,France,2024-05-22
902,Nicholas Campbell,michaelharris@example.org,Canada,2024-05-21
903,Erin Carlson,andrearobbins@example.com,Canada,2025-05-19
904,Anna Walsh,gjones@example.org,France,2023-05-04
905,Becky Gill,millsandrew@example.com,UK,2025-02-11
906,Aaron Stevens,martinbrian@example.net,Canada,2023-09-28
907,Ryan Patton,wardalexa@example.net,USA,2025-08-21
908,Margaret Lopez,andersonjohn@example.net,Canada,2025-01-31
909,Melissa Quinn,christine13@example.net,France,2025-06-15
910,Jennifer Clark,ifranklin@example.org,UK,2024-07-11
911,Christopher Dennis,jcarter@example.org,France,2025-03-24
912,Kyle Reid,bowmanpatrick@example.org,UK,2024-09-03
913,David Stout,charlessmith@example.net,France,2024-05-12
914,Shelby Romero,timothy88@example.org,UK,2025-07-18
915,Jonathan Wilson,davismegan@example.com,France,2025-11-21
916,Jason Crawford,evansmichael@example.net,France,2023-02-11
917,Angel Guerra,rodneyjohnson@example.net,France,2023-03-31
918,Mary Wallace,laurie45@example.org,France,2023-07-09
919,Amanda Berry,millerwarren@example.net,UK,2023-03-15
920,Megan King,melissa82@example.net,France,2025-06-05
921,Mark Williams,michaelthompson@example.net,Canada,2024-11-16
922,David Romero,florescarolyn@example.org,France,2025-03-30
923,Jeremy Williams,celliott@example.com,UK,2023-02-21
924,Frank Williams,gregg55@example.org,USA,2024-05-12
925,Kristopher Johnson,goodmanzachary@example.net,France,2023-01-07
926,Latoya Strickland,tammyburke@example.net,Germany,2025-11-09
927,Jared Smith,megan60@example.com,France,2024-10-16
928,Tyler Mcbride,karenwood@example.com,Canada,2023-02-16
929,Raymond Lee,nchang@example.net,Canada,2024-10-15
930,Ashley Jones,johnsonmary@example.net,USA,2023-10-18
931,Michael Hernandez,edwardwatts@example.com,France,2023-01-09
932,Danny Murray,lamlinda@example.net,USA,2023-10-21
933,Robert Nicholson,rubengraham@example.org,France,2024-01-18
934,Alexander Delgado,ujackson@example.net,UK,2025-11-28
935,Aaron Osborne,emily76@example.net,France,2024-05-22
936,Emily Vega,michaelramirez@example.com,France,2025-02-07
937,Ryan Barrett,fordkevin@example.com,USA,2025-05-07
938,Erin Rodriguez,marycrane@example.net,Canada,2023-06-10
939,Mr. Eric King,othompson@example.org,USA,2025-04-18
940,Jo Wilson,cody04@example.com,Germany,2025-09-29
941,Selena Ferguson,kwiggins@example.net,France,2023-10-27
942,Matthew Simmons,fmorris@example.com,USA,2023-08-19
943,Alicia Kelly,srivera@example.org,Germany,2023-11-30
944,Alan Young,alvaradolisa@example.org,UK,2024-07-05
945,Richard Martinez,williamsutton@example.org,UK,2025-07-26
946,Amanda Miller,john88@example.org,Germany,2024-11-29
947,Dennis Underwood,kristinewheeler@example.net,France,2023-01-14
948,Alexis Phillips,catherine89@example.org,Germany,2024-11-25
949,Laura Fields,kimberly08@example.org,USA,2023-08-01
950,Mark Salinas,nelsonjoshua@example.net,Germany,2024-09-30
951,Katherine Preston,monroejennifer@example.net,Germany,2024-09-24
952,Christopher Schmidt,poncecrystal@example.org,UK,2024-11-08
953,Jennifer Ferguson,wmathis@example.org,Germany,2023-09-24
954,Aaron Gonzalez,romandanielle@example.com,France,2024-02-12
955,Mr. Ryan Williams,thudson@example.net,Canada,2025-04-13
956,Cynthia Young,michele17@example.com,UK,2023-06-15
957,Derek Morales DDS,kelly88@example.net,UK,2023-02-05
958,Brandi Moran,amytorres@example.com,France,2023-04-23
959,Patricia Sellers,thomasunderwood@example.com,UK,2025-03-02
960,Joshua Garcia,,UK,2023-12-08
961,Steven Ruiz,allen87@example.org,France,2025-05-11
962,Michael Hamilton,ricedanny@example.com,Germany,2023-01-02
963,Christina Erickson,jennifer35@example.org,USA,2025-02-28
964,Eric Walls,brandianderson@example.net,Germany,2024-09-19
965,Deborah Parsons,smithbryan@example.com,Canada,2023-05-03
966,Adam Brown,richard76@example.com,France,2024-03-24
967,Jacqueline Sanders DDS,fredmeyer@example.net,UK,2024-05-27
968,Tina Robertson,xlee@example.net,Canada,2024-04-09
969,Teresa Smith,paulwood@example.org,Germany,2023-01-20
970,Natalie Yang,xrobinson@example.net,France,2025-03-05
971,Samantha Good,stephenscorey@example.org,USA,2025-07-25
972,George Snyder,emily07@example.com,France,2023-08-16
973,Casey Anderson,johnray@example.net,France,2024-01-03
974,Mark Barnes,dfreeman@example.org,UK,2024-02-29
975,Robin Richardson,gmoore@example.com,USA,2025-04-07
976,Michael Carter,landrydavid@example.com,France,2025-09-07
977,Ashley Rogers,marissaballard@example.com,UK,2024-09-21
978,Gabriel Bailey,amanda12@example.net,Canada,2025-09-14
979,Jared Kim,bbryant@example.net,USA,2023-05-01
980,Laura Lee,jasmine64@example.net,Germany,2023-06-08
981,Michele Gutierrez,rebecca33@example.org,UK,2025-03-20
982,Mary Peterson,garrisonmorgan@example.org,USA,2024-11-07
983,Stephanie Garner,pcox@example.net,Canada,2023-06-05
984,Tracy Golden,rherrera@example.com,Canada,2023-10-01
985,Laura Powell,valenciapaula@example.org,UK,2025-07-19
986,Terry Thompson,leonardandrew@example.com,UK,2023-02-13
987,Matthew Edwards,jessica87@example.com,Germany,2025-01-28
988,Craig Adams,franciscobryan@example.org,Canada,2024-03-08
989,William Robertson,phyllis86@example.net,USA,2024-10-17
990,Jeremiah Jones,andrewsmith@example.org,Germany,2024-09-27
991,Rebecca Farmer,bbradley@example.org,Germany,2023-06-13
992,Gary Gomez,douglas66@example.com,UK,2025-09-12
993,Danielle Petty,kellywillis@example.net,UK,2025-02-21
994,Cheryl Sanchez,waterskelly@example.net,Canada,2024-06-11
995,Samuel Sanders Jr.,davidrivera@example.com,UK,2025-05-19
996,Wendy Weber,earlho@example.net,Canada,2023-08-06
997,Valerie Smith,kimberly83@example.net,UK,2023-08-06
998,Wayne Hester,twu@example.com,USA,2025-05-31
999,Cristina Anthony,qdiaz@example.net,USA,2024-04-07
1000,Deanna Arroyo,larsonjennifer@example.com,Germany,2025-06-01
